Prediction Date,New York_Prediction,Austin_Prediction,Chicago_Prediction,Miami_Prediction,New York_Historical,Austin_Historical,Chicago_Historical,Miami_Historical
2019.04.15,62,80,57,86,64,79,53,88
2019.04.16,62,79,58,86,64,81,74,83
2019.04.17,62,80,58,86,59,84,75,83
2019.04.18,62,80,59,86,63,76,66,86
2019.04.19,62,81,60,86,75,74,48,88
2019.04.20,65,82,62,86,64,80,63,82
2019.04.21,65,83,62,86,64,83,76,81
2019.04.22,65,83,63,86,63,80,77,80
2019.04.23,65,83,63,86,73,80,65,82
2019.04.24,65,82,62,86,69,72,63,82
2019.04.25,66,82,62,87,63,86,66,85
2019.04.26,66,82,62,87,61,79,64,90
2019.04.27,65,82,62,86,59,84,49,86
2019.04.28,65,82,62,86,54,84,47,85
2019.04.29,64,81,62,86,57,85,56,85
2019.04.30,65,81,60,86,63,85,50,85
2019.05.01,65,83,65,88,55,85,63,84
2019.05.02,66,84,66,88,75,82,48,83
2019.05.03,66,85,66,88,57,79,56,87
2019.05.04,67,85,66,88,67,81,59,87
2019.05.05,67,85,66,88,57,84,73,89
2019.05.06,67,86,66,88,69,76,70,89
2019.05.07,67,86,66,88,68,83,50,86
2019.05.08,66,86,66,88,69,78,72,86
2019.05.09,66,86,67,88,60,85,69,87
2019.05.10,68,86,67,88,73,68,56,86
2019.05.11,68,85,66,88,69,71,53,87
2019.05.12,69,85,66,88,57,78,52,90
2019.05.13,69,85,66,89,51,82,59,91
2019.05.14,69,86,67,88,53,81,68,92
2019.05.15,70,86,67,88,69,85,75,85
2019.05.16,70,86,68,88,70,86,79,83
2019.05.17,70,86,68,88,76,89,66,85
2019.05.18,70,86,69,88,76,86,83,86
2019.05.19,71,88,71,88,75,91,74,87
2019.05.20,74,88,72,88,84,90,58,86
2019.05.21,74,88,73,88,71,86,55,88
2019.05.22,74,88,74,88,74,92,82,88
2019.05.23,74,88,74,88,75,91,75,88
2019.05.24,74,88,74,88,75,90,78,86
2019.05.25,75,88,74,89,69,90,82,86
2019.05.26,75,87,74,89,85,91,73,88
2019.05.27,75,87,74,89,79,90,77,88
2019.05.28,76,87,74,89,70,91,70,88
2019.05.29,76,87,74,88,70,92,74,88
2019.05.30,76,86,74,88,68,86,77,89
2019.05.31,76,86,66,89,79,89,82,89
2019.06.01,78,90,79,90,78,90,81,92
2019.06.02,79,91,80,90,81,92,68,92
2019.06.03,79,92,80,90,72,92,67,94
2019.06.04,80,93,80,90,72,87,81,92
2019.06.05,79,93,80,90,82,88,84,90
2019.06.06,79,93,79,90,82,92,72,90
2019.06.07,79,93,80,90,78,93,77,93
2019.06.08,79,93,80,90,80,95,76,91
2019.06.09,79,93,80,90,76,98,73,88
2019.06.10,79,93,79,90,69,86,74,88
2019.06.11,80,92,78,90,77,80,80,90
2019.06.12,80,92,78,91,73,88,72,89
2019.06.13,80,92,78,91,67,90,67,89
2019.06.14,80,93,79,91,74,93,78,89
2019.06.15,80,94,79,91,81,95,71,88
2019.06.16,80,94,79,90,81,94,66,83
2019.06.17,80,94,79,90,75,89,68,83
2019.06.18,80,94,80,91,74,93,77,89
2019.06.19,81,95,81,91,71,97,72,89
2019.06.20,83,95,82,91,82,97,68,91
2019.06.21,84,95,83,91,78,97,71,93
2019.06.22,84,95,84,91,79,93,79,93
2019.06.23,84,95,84,91,84,93,81,94
2019.06.24,84,94,84,91,84,83,77,95
2019.06.25,85,94,84,91,85,91,85,95
2019.06.26,85,93,84,91,87,89,88,94
2019.06.27,85,93,84,91,89,92,88,90
2019.06.28,86,93,84,91,88,91,89,88
2019.06.29,86,93,84,91,91,94,85,83
2019.06.30,86,93,83,91,84,86,88,88
2019.07.01,86,93,83,92,86,90,90,93
2019.07.02,86,94,84,92,87,90,89,94
2019.07.03,86,95,84,92,86,88,84,92
2019.07.04,86,96,84,92,88,92,89,92
2019.07.05,86,96,85,92,82,93,90,90
2019.07.06,86,96,84,92,87,92,82,87
2019.07.07,86,96,84,92,84,94,77,90
2019.07.08,85,97,84,92,78,94,80,88
2019.07.09,85,97,84,92,88,95,87,89
2019.07.10,86,97,84,92,88,96,94,91
2019.07.11,86,97,83,92,85,96,81,90
2019.07.12,86,97,82,92,88,97,86,89
2019.07.13,86,97,82,92,87,96,93,91
2019.07.14,86,97,82,92,89,96,88,92
2019.07.15,86,97,82,92,88,95,90,91
2019.07.16,86,97,82,92,92,97,83,91
2019.07.17,86,97,82,92,92,97,90,91
2019.07.18,86,97,84,92,83,98,89,90
2019.07.19,86,97,84,92,91,98,93,90
2019.07.20,88,97,85,92,96,98,95,87
2019.07.21,89,97,85,92,96,98,79,90
2019.07.22,89,97,85,92,88,96,74,90
2019.07.23,88,97,85,92,75,93,79,91
2019.07.24,88,97,85,92,83,89,78,92
2019.07.25,89,97,85,92,85,90,84,91
2019.07.26,89,96,85,92,85,91,84,88
2019.07.27,88,96,85,92,85,94,88,90
2019.07.28,89,96,85,92,90,96,89,92
2019.07.29,88,95,85,92,91,96,81,91
2019.07.30,88,95,83,92,92,98,78,91
2019.07.31,88,95,77,92,88,99,74,89
2019.08.01,85,97,82,91,88,97,79,84
2019.08.02,85,97,84,92,85,98,82,88
2019.08.03,85,97,84,92,85,93,87,88
2019.08.04,85,98,84,92,89,93,86,90
2019.08.05,84,98,84,92,82,96,90,86
2019.08.06,84,98,84,92,81,99,83,89
2019.08.07,84,98,84,92,83,99,87,89
2019.08.08,84,98,84,92,85,100,88,91
2019.08.09,84,98,84,92,85,102,83,93
2019.08.10,84,99,83,92,83,101,85,92
2019.08.11,85,98,82,92,82,101,85,91
2019.08.12,85,98,82,92,87,101,82,90
2019.08.13,84,98,82,92,80,101,83,91
2019.08.14,84,99,82,92,80,100,82,90
2019.08.15,84,99,82,92,81,99,77,90
2019.08.16,84,99,82,92,81,100,83,92
2019.08.17,84,99,82,92,85,102,77,91
2019.08.18,84,99,83,92,86,102,83,91
2019.08.19,84,99,84,92,90,101,84,90
2019.08.20,86,99,84,92,87,99,79,88
2019.08.21,86,99,84,92,87,99,84,89
2019.08.22,86,99,84,92,90,99,77,86
2019.08.23,86,99,84,92,75,98,73,86
2019.08.24,86,98,84,92,77,96,73,87
2019.08.25,87,98,84,92,76,99,77,89
2019.08.26,87,97,84,92,76,102,77,89
2019.08.27,86,97,84,92,73,97,80,92
2019.08.28,84,97,84,92,75,98,75,93
2019.08.29,83,97,84,92,84,98,85,90
2019.08.30,83,97,83,92,87,98,74,88
2019.08.31,83,97,76,92,83,96,74,89
2019.09.01,80,96,78,92,78,95,73,91
2019.09.02,80,96,80,92,77,99,82,88
2019.09.03,80,95,80,92,82,98,81,90
2019.09.04,80,96,80,92,87,99,71,92
2019.09.05,79,96,80,92,76,100,71,91
2019.09.06,79,96,79,92,69,100,76,94
2019.09.07,79,96,79,92,77,99,78,92
2019.09.08,79,96,79,91,79,99,67,91
2019.09.09,79,96,79,91,76,98,79,91
2019.09.10,80,95,78,91,77,96,90,91
2019.09.11,80,93,77,91,89,95,89,90
2019.09.12,79,93,75,91,80,97,80,89
2019.09.13,77,93,75,92,70,97,79,88
2019.09.14,77,94,75,91,74,98,81,89
2019.09.15,77,94,75,91,83,97,79,92
2019.09.16,76,93,76,91,77,97,75,92
2019.09.17,76,94,76,91,77,93,78,92
2019.09.18,76,94,76,90,69,99,82,89
2019.09.19,76,94,76,90,71,96,84,87
2019.09.20,77,94,76,90,79,96,84,86
2019.09.21,78,94,76,90,83,94,82,86
2019.09.22,78,94,76,90,84,95,79,87
2019.09.23,77,94,76,90,88,97,74,87
2019.09.24,77,93,76,90,78,95,79,87
2019.09.25,78,93,74,90,79,96,79,88
2019.09.26,78,91,73,90,82,97,72,88
2019.09.27,77,90,73,91,75,96,72,89
2019.09.28,75,90,73,91,82,94,67,90
2019.09.29,74,90,73,91,77,96,69,89
2019.09.30,75,90,72,91,69,95,86,88
2019.10.01,69,89,71,90,83,96,87,87
2019.10.02,69,88,68,89,92,96,79,86
2019.10.03,69,88,68,89,64,96,68,87
2019.10.04,69,88,68,89,65,93,59,88
2019.10.05,69,88,68,89,59,94,65,87
2019.10.06,69,89,67,89,71,95,68,88
2019.10.07,69,89,66,89,78,85,69,83
2019.10.08,68,89,66,89,65,86,70,86
2019.10.09,68,89,67,89,59,93,70,87
2019.10.10,69,88,66,89,72,96,72,88
2019.10.11,69,86,65,89,64,81,67,86
2019.10.12,69,84,59,89,68,64,54,84
2019.10.13,67,84,59,89,66,78,55,85
2019.10.14,67,84,59,89,74,88,54,86
2019.10.15,67,84,59,89,65,92,67,86
2019.10.16,65,84,59,88,65,76,53,89
2019.10.17,65,84,59,88,58,73,55,89
2019.10.18,65,84,60,87,60,81,59,88
2019.10.19,64,84,61,87,62,94,68,87
2019.10.20,66,84,61,87,59,91,60,89
2019.10.21,67,84,61,87,68,79,66,90
2019.10.22,67,84,61,87,62,80,53,88
2019.10.23,66,83,61,87,67,86,59,89
2019.10.24,66,82,61,87,67,85,52,87
2019.10.25,67,82,59,87,65,61,50,87
2019.10.26,67,79,58,87,63,72,50,88
2019.10.27,66,78,58,88,68,79,58,87
2019.10.28,64,78,58,88,63,80,54,88
2019.10.29,63,77,58,87,60,65,47,88
2019.10.30,64,77,56,87,64,51,42,87
2019.10.31,64,77,50,88,70,55,38,88
2019.11.01,57,73,48,86,70,61,45,88
2019.11.02,57,76,52,85,53,67,44,87
2019.11.03,57,76,52,85,54,71,53,85
2019.11.04,56,77,52,85,57,81,53,86
2019.11.05,56,77,52,85,59,81,42,86
2019.11.06,56,77,52,85,56,83,56,87
2019.11.07,56,77,51,85,55,68,33,87
2019.11.08,56,77,51,85,43,54,33,86
2019.11.09,56,77,52,85,42,68,47,79
2019.11.10,56,76,51,85,52,76,43,82
2019.11.11,56,74,48,85,59,74,36,84
2019.11.12,56,71,41,85,55,45,17,86
2019.11.13,54,71,41,85,37,42,28,83
2019.11.14,53,72,42,84,44,45,34,81
2019.11.15,53,72,42,84,52,61,40,84
2019.11.16,51,71,44,83,43,64,41,77
2019.11.17,50,72,43,83,42,70,42,68
2019.11.18,50,72,44,82,42,72,41,76
2019.11.19,50,72,45,82,52,78,41,81
2019.11.20,52,72,46,82,49,82,48,77
2019.11.21,52,72,46,82,53,80,56,78
2019.11.22,52,72,46,82,54,71,40,80
2019.11.23,52,72,46,82,46,70,41,81
2019.11.24,54,72,46,82,46,73,50,83
2019.11.25,54,72,45,82,52,83,53,77
2019.11.26,54,69,43,82,60,77,50,79
2019.11.27,54,68,43,82,58,67,56,83
2019.11.28,51,68,43,82,53,56,38,85
2019.11.29,51,67,43,82,43,75,39,82
2019.11.30,51,67,42,82,46,85,40,81
2019.12.01,46,65,39,81,37,65,42,84
2019.12.02,46,68,42,80,38,64,37,85
2019.12.03,46,69,42,80,39,72,41,69
2019.12.04,45,73,42,80,39,72,44,77
2019.12.05,45,73,43,80,42,74,46,73
2019.12.06,45,74,43,80,48,72,42,78
2019.12.07,45,74,42,80,40,68,39,81
2019.12.08,45,75,42,80,42,76,48,81
2019.12.09,45,75,43,80,53,80,49,82
2019.12.10,46,73,42,81,56,60,26,83
2019.12.11,46,71,40,81,41,57,26,83
2019.12.12,46,68,34,81,36,62,46,80
2019.12.13,45,68,34,81,49,77,45,82
2019.12.14,43,69,36,81,55,76,36,85
2019.12.15,43,69,35,81,48,81,28,81
2019.12.16,41,67,37,80,37,69,32,83
2019.12.17,41,67,36,79,35,54,32,84
2019.12.18,41,67,36,79,38,59,28,79
2019.12.19,40,67,38,78,29,58,39,71
2019.12.20,42,67,41,78,37,53,42,77
2019.12.21,42,67,42,78,34,61,47,79
2019.12.22,42,68,42,78,48,60,51,76
2019.12.23,42,69,42,78,55,70,52,75
2019.12.24,44,70,44,78,48,70,54,73
2019.12.25,44,70,46,78,45,71,59,79
2019.12.26,44,68,46,78,45,70,62,79
2019.12.27,44,68,46,79,51,71,42,81
2019.12.28,48,68,46,79,50,72,49,80
2019.12.29,47,67,46,79,43,66,59,80
2019.12.30,48,67,45,79,42,60,49,79
2019.12.31,48,62,38,80,45,60,30,80
2020.01.01,46,68,42,80,40,57,42,79
2020.01.02,48,68,41,80,48,61,49,80
2020.01.03,46,69,38,80,48,65,41,83
2020.01.04,46,71,37,80,49,71,35,86
2020.01.05,45,71,37,78,43,73,44,70
2020.01.06,45,71,37,78,46,74,41,73
2020.01.07,45,71,38,78,43,67,42,77
2020.01.08,45,70,38,78,42,69,30,77
2020.01.09,45,70,38,78,34,78,50,78
2020.01.10,46,66,37,79,52,77,49,80
2020.01.11,46,65,35,79,67,62,38,82
2020.01.12,48,65,35,79,66,62,32,81
2020.01.13,48,65,35,80,46,62,34,82
2020.01.14,46,68,34,77,45,75,43,81
2020.01.15,44,68,34,77,49,79,37,81
2020.01.16,44,68,35,78,48,69,31,81
2020.01.17,44,68,35,78,33,67,30,79
2020.01.18,44,68,35,78,37,69,36,77
2020.01.19,43,66,36,78,43,57,20,81
2020.01.20,43,66,33,78,30,60,31,77
2020.01.21,42,66,34,77,36,61,32,68
2020.01.22,42,66,35,77,40,58,36,64
2020.01.23,43,67,35,77,45,66,35,75
2020.01.24,43,66,34,77,51,65,39,79
2020.01.25,44,66,34,78,51,67,35,79
2020.01.26,44,65,34,78,46,76,35,77
2020.01.27,41,65,34,78,45,70,36,76
2020.01.28,39,65,34,77,43,72,34,81
2020.01.29,40,65,34,78,42,61,34,83
2020.01.30,39,63,32,77,36,51,35,78
2020.01.31,40,61,33,79,44,61,38,81
2020.02.01,44,64,40,79,42,73,38,79
2020.02.02,46,65,39,79,44,75,54,68
2020.02.03,47,65,36,79,55,72,46,73
2020.02.04,47,66,36,79,58,78,37,78
2020.02.05,46,66,36,79,49,49,31,80
2020.02.06,46,68,36,80,42,54,30,84
2020.02.07,46,68,36,80,56,74,35,78
2020.02.08,46,68,36,80,40,67,34,75
2020.02.09,46,68,36,80,43,73,36,78
2020.02.10,46,64,35,81,47,71,35,80
2020.02.11,46,63,34,81,47,49,36,83
2020.02.12,48,63,34,82,46,59,37,83
2020.02.13,47,63,34,82,44,55,31,84
2020.02.14,47,66,33,82,38,58,13,86
2020.02.15,46,66,33,82,30,66,34,81
2020.02.16,46,66,33,82,45,76,40,81
2020.02.17,46,66,33,82,49,79,40,83
2020.02.18,46,66,34,82,48,74,39,83
2020.02.19,46,68,36,82,47,51,31,83
2020.02.20,48,68,38,82,43,52,26,84
2020.02.21,48,68,38,81,35,53,38,80
2020.02.22,48,68,39,81,49,62,50,75
2020.02.23,48,68,39,82,54,70,55,76
2020.02.24,48,68,39,82,58,70,42,79
2020.02.25,49,68,38,82,51,67,38,84
2020.02.26,49,67,39,82,48,55,32,85
2020.02.27,46,67,39,82,45,61,31,71
2020.02.28,44,67,39,81,41,71,30,68
2020.02.29,43,67,39,82,37,73,37,71
2020.03.01,47,74,51,81,43,76,58,75
2020.03.02,49,75,50,81,57,77,50,77
2020.03.03,49,75,51,81,58,76,50,81
2020.03.04,49,77,51,81,55,68,48,85
2020.03.05,49,77,51,81,51,73,52,91
2020.03.06,54,77,51,82,44,69,38,86
2020.03.07,54,76,51,82,47,63,51,75
2020.03.08,54,76,51,82,58,74,64,73
2020.03.09,54,76,51,82,70,69,57,77
2020.03.10,55,76,50,83,62,79,53,80
2020.03.11,55,75,49,83,55,82,46,80
2020.03.12,57,75,49,84,49,86,58,83
2020.03.13,56,75,49,84,68,83,49,83
2020.03.14,56,76,48,84,55,83,39,83
2020.03.15,55,76,48,84,53,74,39,84
2020.03.16,55,76,48,84,44,76,41,84
2020.03.17,55,76,48,84,53,80,47,83
2020.03.18,55,76,49,84,52,83,46,82
2020.03.19,55,77,50,84,53,82,62,84
2020.03.20,57,78,53,84,76,73,62,84
2020.03.21,57,79,53,83,64,57,33,84
2020.03.22,57,80,54,83,43,70,36,84
2020.03.23,57,80,54,84,41,82,45,84
2020.03.24,57,79,53,84,55,89,46,85
2020.03.25,58,79,53,84,45,87,58,90
2020.03.26,58,79,53,84,57,87,52,89
2020.03.27,55,78,53,84,66,87,51,88
2020.03.28,52,78,53,84,52,79,66,84
2020.03.29,52,78,53,84,49,77,64,86
2020.03.30,52,76,52,85,53,73,51,88
2020.03.31,53,74,49,86,48,73,42,92
2020.04.01,56,76,55,84,55,76,52,89
2020.04.02,57,77,57,84,57,72,57,83
2020.04.03,57,77,60,84,51,75,68,84
2020.04.04,58,79,60,84,60,53,57,86
2020.04.05,58,79,60,85,63,70,49,84
2020.04.06,61,79,60,85,64,79,64,85
2020.04.07,61,79,60,85,65,86,78,85
2020.04.08,61,79,60,85,65,90,67,91
2020.04.09,61,79,60,85,59,88,49,94
2020.04.10,62,79,59,86,48,75,50,95
2020.04.11,62,78,58,86,54,78,64,84
2020.04.12,63,78,58,87,61,85,67,87
2020.04.13,63,78,58,87,65,64,55,90
2020.04.14,63,79,57,87,59,64,41,90
2020.04.15,61,80,57,87,51,67,39,92
2020.04.16,61,79,57,87,47,77,46,90
2020.04.17,61,80,57,87,50,74,41,87
2020.04.18,61,80,58,87,47,67,58,93
2020.04.19,60,81,59,87,61,91,61,90
2020.04.20,62,82,61,87,55,86,63,95
2020.04.21,63,83,61,87,59,85,51,93
2020.04.22,63,83,62,87,52,83,61,90
2020.04.23,63,83,62,87,52,86,59,88
2020.04.24,63,82,61,87,48,94,49,95
2020.04.25,63,82,61,87,63,79,46,93
2020.04.26,63,82,61,87,50,85,60,87
2020.04.27,62,82,61,87,47,89,67,86
2020.04.28,62,82,61,87,65,91,75,83
2020.04.29,62,81,61,87,57,83,62,85
2020.04.30,62,81,60,88,59,84,53,88
2020.05.01,65,83,67,87,66,88,66,85
2020.05.02,66,84,68,87,72,92,77,84
2020.05.03,66,85,68,87,77,93,71,84
2020.05.04,68,86,68,87,69,95,47,87
2020.05.05,67,86,68,87,61,85,47,88
2020.05.06,67,86,68,88,53,85,59,93
2020.05.07,67,86,68,88,66,83,65,89
2020.05.08,67,86,68,88,54,87,44,84
2020.05.09,67,86,69,88,46,78,57,89
2020.05.10,69,86,68,88,61,81,53,78
2020.05.11,69,85,67,88,60,84,49,84
2020.05.12,70,85,67,89,60,75,61,84
2020.05.13,69,85,67,89,61,86,67,84
2020.05.14,69,86,68,89,63,88,73,79
2020.05.15,70,86,68,89,83,90,76,80
2020.05.16,70,86,68,89,74,84,66,88
2020.05.17,70,86,68,89,65,89,69,89
2020.05.18,70,86,69,89,69,92,67,86
2020.05.19,69,88,71,89,65,94,61,87
2020.05.20,71,88,73,89,64,93,64,91
2020.05.21,72,88,73,88,64,90,67,90
2020.05.22,72,88,74,88,74,92,68,86
2020.05.23,72,88,74,89,68,90,80,86
2020.05.24,72,88,75,89,66,88,88,78
2020.05.25,73,88,75,89,69,80,86,79
2020.05.26,73,87,75,89,74,83,86,86
2020.05.27,73,87,75,89,76,91,84,86
2020.05.28,74,87,75,89,75,86,79,87
2020.05.29,73,87,75,89,79,86,74,87
2020.05.30,74,86,74,89,79,86,70,87
2020.05.31,74,86,71,90,69,83,65,88
2020.06.01,78,90,81,89,69,83,73,89
2020.06.02,79,91,82,89,71,87,90,87
2020.06.03,79,92,82,89,80,89,83,85
2020.06.04,80,93,82,89,84,91,85,82
2020.06.05,80,93,82,89,77,91,87,86
2020.06.06,80,93,81,90,84,94,75,87
2020.06.07,80,93,81,90,78,94,78,90
2020.06.08,80,94,81,90,78,97,89,87
2020.06.09,80,94,82,90,86,98,90,90
2020.06.10,80,93,81,90,83,92,83,89
2020.06.11,80,92,80,90,82,93,80,87
2020.06.12,81,92,80,91,83,91,78,87
2020.06.13,80,92,80,91,73,92,66,88
2020.06.14,80,93,80,91,73,90,69,87
2020.06.15,79,94,80,91,73,93,72,87
2020.06.16,79,94,80,91,76,92,83,87
2020.06.17,79,94,80,91,77,94,85,84
2020.06.18,79,94,81,91,76,93,86,88
2020.06.19,79,95,82,91,80,92,92,86
2020.06.20,81,95,83,91,83,91,89,88
2020.06.21,82,95,84,91,84,95,82,89
2020.06.22,82,95,85,91,88,91,85,90
2020.06.23,82,95,85,91,84,90,77,90
2020.06.24,82,94,85,91,85,85,78,91
2020.06.25,82,94,85,91,85,90,83,92
2020.06.26,82,93,85,91,86,85,86,92
2020.06.27,83,93,85,91,80,91,88,91
2020.06.28,84,93,85,91,86,87,83,92
2020.06.29,84,93,85,92,85,92,90,92
2020.06.30,84,93,84,92,78,93,87,96
2020.07.01,86,94,84,90,80,94,86,94
2020.07.02,86,95,86,91,90,96,88,94
2020.07.03,86,95,86,91,89,96,88,93
2020.07.04,86,96,86,91,86,99,89,93
2020.07.05,86,96,86,91,91,99,89,92
2020.07.06,86,96,86,91,93,96,93,90
2020.07.07,86,96,85,92,81,96,94,91
2020.07.08,86,97,85,91,84,98,92,93
2020.07.09,86,97,85,92,87,100,93,96
2020.07.10,86,97,85,92,76,100,86,95
2020.07.11,86,97,83,92,84,101,85,88
2020.07.12,86,97,83,92,87,102,77,89
2020.07.13,86,97,83,92,89,105,80,92
2020.07.14,86,97,83,92,86,104,85,93
2020.07.15,85,97,83,92,80,101,86,93
2020.07.16,85,97,83,92,76,99,83,91
2020.07.17,85,97,83,92,84,99,87,89
2020.07.18,85,97,84,92,93,96,91,86
2020.07.19,85,97,85,92,94,97,85,90
2020.07.20,86,97,85,92,95,97,86,89
2020.07.21,87,97,85,92,92,93,82,87
2020.07.22,87,97,85,92,92,94,85,85
2020.07.23,86,97,85,92,89,98,80,85
2020.07.24,86,97,86,92,80,99,83,89
2020.07.25,87,97,86,92,87,91,89,89
2020.07.26,87,96,86,92,92,90,93,89
2020.07.27,86,96,86,92,94,94,84,91
2020.07.28,86,96,85,92,92,94,86,91
2020.07.29,86,95,85,92,89,96,89,91
2020.07.30,86,95,84,93,91,97,81,91
2020.07.31,86,95,81,94,81,96,80,92
2020.08.01,84,98,84,90,86,97,77,90
2020.08.02,84,97,85,90,87,97,83,86
2020.08.03,84,97,85,90,89,100,72,89
2020.08.04,85,98,85,91,80,98,73,87
2020.08.05,84,98,86,91,85,100,75,87
2020.08.06,84,98,85,91,79,99,79,91
2020.08.07,84,98,85,91,80,98,83,91
2020.08.08,84,99,85,91,81,99,87,91
2020.08.09,84,99,85,91,86,99,90,90
2020.08.10,85,99,85,92,89,100,87,91
2020.08.11,85,99,83,92,85,101,81,91
2020.08.12,85,99,83,92,88,102,82,90
2020.08.13,84,99,83,92,79,102,83,91
2020.08.14,84,99,82,92,87,104,87,91
2020.08.15,83,99,82,92,85,104,88,89
2020.08.16,83,99,82,92,72,103,83,91
2020.08.17,83,99,82,92,81,97,82,93
2020.08.18,83,99,84,92,81,101,76,92
2020.08.19,83,99,84,92,75,101,79,90
2020.08.20,84,99,85,92,82,99,85,90
2020.08.21,85,99,85,92,83,100,87,91
2020.08.22,85,99,85,92,87,90,87,90
2020.08.23,84,99,85,92,84,95,89,91
2020.08.24,84,98,85,92,89,97,95,90
2020.08.25,85,98,85,92,91,98,88,91
2020.08.26,85,97,85,92,81,93,93,89
2020.08.27,84,97,85,92,91,98,93,90
2020.08.28,82,97,85,92,87,103,92,91
2020.08.29,82,97,85,92,79,102,83,91
2020.08.30,82,97,83,93,81,101,77,91
2020.08.31,82,97,80,93,75,101,86,92
2020.09.01,79,97,79,90,76,100,74,92
2020.09.02,79,96,81,90,78,88,86,91
2020.09.03,79,96,81,90,85,90,87,92
2020.09.04,80,96,81,91,84,83,79,93
2020.09.05,79,96,81,91,78,88,82,92
2020.09.06,79,96,81,91,80,91,82,90
2020.09.07,79,96,80,91,78,93,77,86
2020.09.08,79,96,80,91,82,86,67,88
2020.09.09,79,96,80,91,80,86,67,87
2020.09.10,80,95,80,91,82,69,67,86
2020.09.11,80,93,78,91,78,82,68,89
2020.09.12,80,93,76,91,72,89,73,80
2020.09.13,77,93,76,91,73,91,76,86
2020.09.14,77,94,76,91,76,89,74,89
2020.09.15,76,94,76,91,66,89,78,89
2020.09.16,75,93,76,91,71,91,82,89
2020.09.17,74,94,76,91,73,86,69,89
2020.09.18,74,94,76,90,69,88,60,90
2020.09.19,74,94,76,90,62,84,64,90
2020.09.20,75,94,77,90,63,85,72,90
2020.09.21,76,94,77,90,65,76,75,82
2020.09.22,76,94,77,90,72,76,78,86
2020.09.23,75,94,77,90,79,79,78,87
2020.09.24,75,93,77,90,76,81,78,83
2020.09.25,76,93,75,90,77,86,80,87
2020.09.26,76,91,73,90,73,89,81,89
2020.09.27,75,90,73,91,78,92,78,89
2020.09.28,73,90,73,91,77,80,63,88
2020.09.29,73,90,73,91,74,81,60,88
2020.09.30,73,90,72,91,71,86,67,90
2020.10.01,69,90,74,87,71,89,57,88
2020.10.02,69,89,70,87,64,82,56,83
2020.10.03,69,88,70,87,66,86,57,84
2020.10.04,69,89,70,88,66,87,56,88
2020.10.05,69,89,71,88,68,86,61,89
2020.10.06,69,89,70,88,69,88,73,89
2020.10.07,69,89,69,88,74,90,75,88
2020.10.08,68,89,69,88,63,88,69,88
2020.10.09,68,89,70,88,68,88,81,88
2020.10.10,69,88,69,88,72,94,77,88
2020.10.11,69,86,67,88,66,96,69,89
2020.10.12,69,84,62,88,60,87,70,90
2020.10.13,67,84,62,89,58,88,71,87
2020.10.14,67,84,61,88,67,91,76,88
2020.10.15,66,84,61,88,71,89,64,87
2020.10.16,64,84,61,87,65,76,53,85
2020.10.17,63,84,61,87,59,82,64,86
2020.10.18,63,84,62,87,62,90,59,86
2020.10.19,63,84,62,87,64,90,51,82
2020.10.20,64,84,62,87,70,89,54,83
2020.10.21,65,84,62,87,68,89,57,78
2020.10.22,65,84,62,87,69,88,78,84
2020.10.23,64,83,62,87,68,85,70,86
2020.10.24,64,82,62,87,70,68,46,85
2020.10.25,65,82,60,87,52,85,47,83
2020.10.26,65,79,59,87,60,80,42,86
2020.10.27,64,78,59,87,60,49,37,87
2020.10.28,62,78,58,87,60,62,51,86
2020.10.29,62,77,58,87,54,63,49,87
2020.10.30,62,77,57,88,47,69,43,87
2020.10.31,62,77,52,89,45,75,58,86
2020.11.01,59,76,55,83,56,77,54,86
2020.11.02,59,78,59,83,44,74,50,81
2020.11.03,59,78,59,83,53,78,67,79
2020.11.04,59,78,59,83,61,79,72,81
2020.11.05,59,78,59,83,66,80,69,83
2020.11.06,59,78,59,83,69,79,73,84
2020.11.07,59,78,58,83,72,81,71,82
2020.11.08,59,78,58,83,72,82,76,77
2020.11.09,59,78,59,83,72,84,74,83
2020.11.10,60,77,58,84,72,80,74,84
2020.11.11,60,76,54,84,71,82,48,83
2020.11.12,59,72,48,84,66,83,53,83
2020.11.13,57,72,48,84,51,84,45,85
2020.11.14,56,72,47,83,54,87,50,85
2020.11.15,55,73,47,83,63,74,55,84
2020.11.16,53,72,48,83,53,74,47,85
2020.11.17,52,72,47,82,49,76,42,82
2020.11.18,52,72,47,81,35,78,50,79
2020.11.19,52,72,48,81,47,81,65,80
2020.11.20,53,72,48,81,61,82,62,80
2020.11.21,54,72,48,81,62,79,46,81
2020.11.22,54,72,48,81,57,79,46,81
2020.11.23,53,72,48,81,59,71,45,80
2020.11.24,53,72,48,81,48,83,44,81
2020.11.25,54,72,46,81,53,72,47,80
2020.11.26,54,69,45,81,64,77,47,82
2020.11.27,53,68,45,82,61,71,45,80
2020.11.28,51,68,44,82,56,61,50,80
2020.11.29,50,67,44,82,53,61,50,82
2020.11.30,51,67,43,82,62,56,38,83
2020.12.01,48,68,45,77,59,62,34,68
2020.12.02,48,69,49,77,44,65,46,73
2020.12.03,48,70,49,77,49,57,46,75
2020.12.04,48,75,49,78,52,58,45,78
2020.12.05,48,75,49,78,45,54,40,82
2020.12.06,48,75,49,78,39,65,37,83
2020.12.07,48,75,48,78,39,68,37,77
2020.12.08,48,76,49,78,37,76,37,63
2020.12.09,48,76,49,78,38,80,52,64
2020.12.10,49,74,48,80,48,77,54,70
2020.12.11,49,72,46,80,53,75,44,77
2020.12.12,49,69,40,80,56,63,41,78
2020.12.13,48,69,40,80,59,69,37,81
2020.12.14,46,69,40,79,42,51,32,84
2020.12.15,45,69,40,79,39,62,33,81
2020.12.16,44,68,40,79,31,55,33,82
2020.12.17,43,68,39,78,32,62,35,83
2020.12.18,43,68,39,77,31,65,37,71
2020.12.19,42,68,40,77,30,69,46,75
2020.12.20,43,68,40,77,38,68,41,80
2020.12.21,44,68,41,77,41,73,47,80
2020.12.22,44,68,41,77,43,72,42,75
2020.12.23,43,69,41,77,43,79,56,78
2020.12.24,43,70,41,77,59,56,31,81
2020.12.25,44,70,41,77,60,66,22,72
2020.12.26,44,68,40,77,32,69,35,63
2020.12.27,43,68,40,78,37,76,47,74
2020.12.28,47,68,40,78,49,76,34,76
2020.12.29,47,67,40,78,40,76,32,76
2020.12.30,47,67,39,79,41,70,36,79
2020.12.31,47,62,35,80,48,46,30,80
2021.01.01,41,63,37,79,39,53,34,81
2021.01.02,43,63,36,79,51,62,35,81
2021.01.03,41,64,33,79,38,67,35,84
2021.01.04,41,65,33,79,43,74,33,74
2021.01.05,40,66,33,77,41,70,38,72
2021.01.06,40,66,33,77,40,68,39,73
2021.01.07,40,66,32,77,42,61,38,77
2021.01.08,40,65,32,77,39,53,36,76
2021.01.09,40,65,34,77,35,53,37,67
2021.01.10,41,61,34,77,41,47,30,70
2021.01.11,41,60,33,77,36,49,30,77
2021.01.12,43,60,33,78,44,51,40,77
2021.01.13,43,60,33,78,43,64,43,78
2021.01.14,42,63,33,75,48,68,41,69
2021.01.15,40,63,33,75,45,59,38,76
2021.01.16,40,63,33,76,46,62,38,73
2021.01.17,40,63,33,77,45,67,33,69
2021.01.18,40,63,33,77,44,74,30,72
2021.01.19,40,61,34,77,42,70,32,75
2021.01.20,39,61,32,77,40,56,33,75
2021.01.21,39,61,32,77,42,67,41,77
2021.01.22,39,61,32,77,44,75,31,80
2021.01.23,39,61,32,77,34,65,31,81
2021.01.24,39,61,32,77,32,73,36,81
2021.01.25,41,61,31,78,38,75,34,79
2021.01.26,41,63,32,78,34,72,32,83
2021.01.27,38,63,32,78,38,66,27,86
2021.01.28,36,63,32,77,33,55,24,77
2021.01.29,37,63,32,77,24,67,31,73
2021.01.30,36,62,32,76,33,77,34,74
2021.01.31,37,60,31,77,27,68,33,77
2021.02.01,39,59,36,79,33,64,33,76
2021.02.02,41,59,35,79,34,67,33,65
2021.02.03,42,60,32,79,36,75,33,69
2021.02.04,42,61,32,79,41,85,37,72
2021.02.05,42,61,32,79,44,59,21,79
2021.02.06,42,63,32,79,42,76,13,82
2021.02.07,42,63,31,79,36,69,6,86
2021.02.08,41,63,31,79,27,76,13,83
2021.02.09,41,63,33,79,34,63,16,83
2021.02.10,42,59,33,80,34,50,17,82
2021.02.11,42,58,33,80,32,40,23,81
2021.02.12,43,58,33,81,29,39,21,83
2021.02.13,43,58,33,81,29,33,13,83
2021.02.14,43,60,32,80,38,30,5,85
2021.02.15,43,61,33,80,34,23,17,86
2021.02.16,44,61,33,80,50,27,20,83
2021.02.17,44,61,33,81,32,33,21,83
2021.02.18,43,61,33,81,29,32,24,84
2021.02.19,43,62,34,81,33,40,20,83
2021.02.20,45,63,38,81,33,59,26,75
2021.02.21,45,63,38,81,35,73,36,75
2021.02.22,45,63,38,81,38,73,38,80
2021.02.23,45,63,38,81,44,77,44,82
2021.02.24,45,63,38,81,53,82,44,80
2021.02.25,46,63,37,82,48,65,39,84
2021.02.26,46,65,38,82,44,63,42,83
2021.02.27,44,65,38,81,51,79,52,82
2021.02.28,42,65,38,81,45,78,54,83
2021.03.01,45,71,50,80,48,60,35,83
2021.03.02,46,72,49,80,32,64,44,85
2021.03.03,47,73,49,81,51,70,59,86
2021.03.04,48,73,49,81,43,75,37,74
2021.03.05,48,74,49,81,36,79,49,80
2021.03.06,53,74,49,82,34,67,47,78
2021.03.07,53,73,49,82,40,69,52,77
2021.03.08,53,73,49,82,43,71,64,72
2021.03.09,53,73,50,82,61,77,67,75
2021.03.10,54,72,50,82,53,83,69,77
2021.03.11,54,71,50,82,69,80,63,78
2021.03.12,55,71,50,83,66,82,54,79
2021.03.13,55,71,50,83,49,79,59,81
2021.03.14,55,72,50,82,53,75,45,82
2021.03.15,55,73,50,82,37,84,39,83
2021.03.16,56,73,50,83,37,82,40,81
2021.03.17,56,72,49,83,47,77,43,83
2021.03.18,56,72,49,83,46,72,43,86
2021.03.19,55,74,51,83,42,69,45,85
2021.03.20,57,75,55,83,57,69,57,81
2021.03.21,57,76,55,83,61,74,64,78
2021.03.22,57,77,55,83,59,73,67,79
2021.03.23,57,77,55,83,63,79,65,80
2021.03.24,57,77,54,83,56,76,61,85
2021.03.25,58,77,53,84,67,74,50,86
2021.03.26,58,78,54,84,79,81,44,85
2021.03.27,56,78,54,83,64,84,67,85
2021.03.28,53,78,54,83,65,72,53,85
2021.03.29,53,78,54,83,53,76,62,86
2021.03.30,53,77,54,83,55,81,68,85
2021.03.31,54,76,52,85,62,71,46,86
2021.04.01,54,73,55,84,52,70,38,87
2021.04.02,55,74,56,84,38,70,49,79
2021.04.03,55,74,59,84,51,66,69,74
2021.04.04,58,75,59,84,61,74,75,76
2021.04.05,58,76,59,84,64,78,75,78
2021.04.06,61,76,59,84,65,85,80,80
2021.04.07,61,76,59,84,70,86,80,81
2021.04.08,60,76,59,84,67,89,68,81
2021.04.09,60,76,60,84,58,89,64,81
2021.04.10,61,76,59,85,64,80,55,85
2021.04.11,61,75,59,85,56,87,56,90
2021.04.12,63,75,60,86,50,88,63,86
2021.04.13,63,75,60,86,65,83,55,87
2021.04.14,63,76,59,85,70,80,51,82
2021.04.15,62,77,59,85,57,74,55,84
2021.04.16,62,76,59,85,53,71,53,90
2021.04.17,62,76,59,86,54,64,55,91
2021.04.18,62,76,59,86,60,66,62,90
2021.04.19,61,78,60,86,63,73,53,91
2021.04.20,63,79,63,86,73,82,42,86
2021.04.21,64,80,63,86,66,65,50,87
2021.04.22,64,80,63,86,46,68,59,85
2021.04.23,63,80,63,86,61,73,62,82
2021.04.24,63,80,63,86,70,82,61,86
2021.04.25,64,80,62,86,62,86,49,91
2021.04.26,64,81,62,86,59,87,78,87
2021.04.27,63,81,62,86,61,81,86,84
2021.04.28,63,81,62,86,81,86,65,85
2021.04.29,63,81,62,86,73,78,64,87
2021.04.30,63,81,62,86,70,75,56,88
2021.05.01,64,80,67,86,64,74,81,91
2021.05.02,65,81,68,86,80,85,83,89
2021.05.03,65,82,68,86,62,90,74,88
2021.05.04,67,82,68,86,72,80,60,89
2021.05.05,67,82,68,87,60,78,58,90
2021.05.06,67,83,68,87,65,84,54,91
2021.05.07,67,83,67,87,63,84,59,92
2021.05.08,67,83,67,87,53,88,52,84
2021.05.09,67,83,69,87,62,88,54,83
2021.05.10,68,83,69,87,59,83,51,88
2021.05.11,68,82,69,87,64,82,53,89
2021.05.12,69,82,69,88,65,72,60,89
2021.05.13,69,82,69,88,68,73,69,93
2021.05.14,69,83,70,87,73,80,70,85
2021.05.15,70,83,70,87,76,81,62,85
2021.05.16,70,83,70,87,73,78,73,85
2021.05.17,70,83,70,87,76,81,69,83
2021.05.18,70,83,70,88,80,81,75,84
2021.05.19,70,84,72,88,84,71,75,84
2021.05.20,72,85,75,88,74,83,84,83
2021.05.21,72,85,75,87,77,84,85,83
2021.05.22,72,85,75,87,87,80,87,83
2021.05.23,72,85,75,88,88,74,82,84
2021.05.24,72,85,76,88,67,83,90,85
2021.05.25,73,85,76,88,72,84,86,85
2021.05.26,73,86,76,88,85,87,83,86
2021.05.27,74,86,76,88,81,87,61,87
2021.05.28,74,86,76,88,68,86,51,87
2021.05.29,73,86,76,88,51,84,60,89
2021.05.30,73,86,76,88,52,82,69,88
2021.05.31,74,86,75,89,69,83,71,88
2021.06.01,76,87,81,88,75,83,76,85
2021.06.02,77,88,82,88,73,83,77,84
2021.06.03,77,89,82,88,73,75,87,84
2021.06.04,79,90,82,88,77,81,91,87
2021.06.05,79,90,82,89,89,81,92,87
2021.06.06,79,90,81,89,90,87,88,87
2021.06.07,79,90,81,89,90,90,79,88
2021.06.08,79,91,81,89,87,89,87,88
2021.06.09,79,91,82,89,88,92,85,89
2021.06.10,79,90,82,89,81,92,87,89
2021.06.11,79,89,81,89,70,91,91,89
2021.06.12,80,89,82,90,70,91,91,89
2021.06.13,80,89,82,90,75,94,84,92
2021.06.14,80,90,82,89,71,95,81,83
2021.06.15,80,91,82,89,78,95,78,89
2021.06.16,80,91,82,89,74,94,78,86
2021.06.17,80,91,81,90,76,94,90,87
2021.06.18,80,91,82,90,82,91,93,88
2021.06.19,80,92,83,90,88,93,92,89
2021.06.20,82,92,86,90,84,93,87,90
2021.06.21,82,92,86,90,83,93,74,90
2021.06.22,82,92,86,90,76,87,75,91
2021.06.23,82,92,86,90,74,93,80,90
2021.06.24,82,92,86,90,74,94,77,85
2021.06.25,83,92,86,90,79,94,78,86
2021.06.26,83,93,86,90,81,94,81,86
2021.06.27,83,93,86,90,86,88,83,89
2021.06.28,83,93,86,90,91,86,84,85
2021.06.29,83,93,86,90,93,86,85,87
2021.06.30,83,93,86,90,96,88,81,85
2021.07.01,83,90,84,90,82,91,74,83
2021.07.02,83,92,86,90,76,93,72,88
2021.07.03,83,92,86,90,66,88,85,93
2021.07.04,85,92,86,90,78,83,89,91
2021.07.05,85,93,86,90,81,84,90,88
2021.07.06,85,93,86,90,92,86,91,84
2021.07.07,85,93,85,91,89,84,88,89
2021.07.08,85,94,85,91,84,86,70,89
2021.07.09,85,94,86,91,85,79,75,90
2021.07.10,85,94,86,91,79,88,76,88
2021.07.11,85,94,85,91,78,89,69,88
2021.07.12,85,94,85,91,84,88,75,85
2021.07.13,85,94,85,91,74,87,80,85
2021.07.14,85,94,85,90,87,87,85,87
2021.07.15,85,94,84,90,86,89,79,88
2021.07.16,85,94,84,91,90,89,73,88
2021.07.17,85,94,84,91,89,91,77,87
2021.07.18,85,94,85,91,83,91,81,88
2021.07.19,85,94,85,91,81,91,82,89
2021.07.20,86,94,87,91,87,88,88,89
2021.07.21,87,94,87,91,81,88,75,91
2021.07.22,87,94,87,91,80,89,85,93
2021.07.23,86,94,87,91,81,91,88,89
2021.07.24,86,94,87,91,80,93,92,89
2021.07.25,87,94,86,91,82,93,91,89
2021.07.26,87,95,86,91,88,94,92,89
2021.07.27,86,95,86,91,87,94,89,90
2021.07.28,85,95,86,91,80,93,89,90
2021.07.29,85,95,86,91,77,92,89,91
2021.07.30,85,95,85,91,82,94,74,91
2021.07.31,85,95,83,92,77,93,82,91
2021.08.01,82,94,84,90,76,94,76,90
2021.08.02,82,93,86,90,79,82,76,90
2021.08.03,82,93,86,90,77,88,80,88
2021.08.04,83,94,86,90,75,88,83,89
2021.08.05,83,94,86,91,81,81,85,90
2021.08.06,83,94,86,91,86,88,81,90
2021.08.07,83,94,84,91,85,90,87,89
2021.08.08,83,95,84,91,75,93,90,89
2021.08.09,83,95,85,91,79,93,82,90
2021.08.10,83,95,85,91,82,93,92,90
2021.08.11,84,95,85,91,89,93,88,90
2021.08.12,84,95,84,91,93,93,87,91
2021.08.13,83,95,84,91,93,93,81,87
2021.08.14,83,95,84,90,88,92,79,87
2021.08.15,83,95,84,90,82,88,79,86
2021.08.16,83,95,84,91,80,90,79,91
2021.08.17,83,95,84,91,80,89,82,91
2021.08.18,83,95,85,91,82,89,84,91
2021.08.19,83,95,85,91,85,93,86,90
2021.08.20,84,95,87,91,81,92,88,91
2021.08.21,85,95,87,91,81,94,88,91
2021.08.22,85,95,86,91,75,94,83,91
2021.08.23,84,95,86,91,83,95,88,91
2021.08.24,84,95,86,91,87,95,93,90
2021.08.25,85,95,86,91,89,95,93,90
2021.08.26,85,96,86,91,90,95,89,90
2021.08.27,84,96,86,91,91,89,91,90
2021.08.28,81,96,85,91,80,92,92,90
2021.08.29,80,96,85,91,76,93,89,90
2021.08.30,81,96,85,91,84,94,84,90
2021.08.31,81,96,82,92,83,98,81,92
2021.09.01,78,95,80,90,76,97,77,92
2021.09.02,78,94,81,90,76,96,78,89
2021.09.03,78,94,81,90,71,95,77,87
2021.09.04,79,93,81,90,77,97,76,89
2021.09.05,79,94,82,90,75,99,83,90
2021.09.06,79,94,81,90,80,96,81,92
2021.09.07,79,94,80,90,79,95,88,89
2021.09.08,79,94,80,90,81,98,80,90
2021.09.09,79,94,81,90,74,95,74,91
2021.09.10,79,93,81,91,73,93,79,90
2021.09.11,79,91,80,91,76,91,87,90
2021.09.12,79,91,78,91,82,92,89,89
2021.09.13,77,91,78,91,83,88,88,86
2021.09.14,77,91,78,90,79,87,87,88
2021.09.15,77,92,78,90,85,90,77,88
2021.09.16,76,91,78,90,75,91,82,86
2021.09.17,75,91,78,90,74,94,89,89
2021.09.18,75,91,78,90,82,95,76,90
2021.09.19,74,92,78,90,75,96,89,90
2021.09.20,75,92,79,90,74,98,83,87
2021.09.21,76,92,79,90,74,94,75,86
2021.09.22,76,92,78,90,78,84,63,87
2021.09.23,75,92,78,90,79,85,68,86
2021.09.24,75,92,78,90,72,86,78,88
2021.09.25,76,92,76,90,74,88,70,90
2021.09.26,76,92,75,90,71,89,82,88
2021.09.27,75,92,75,90,78,90,87,88
2021.09.28,72,92,74,90,72,91,72,87
2021.09.29,71,92,74,90,67,87,80,87
2021.09.30,71,92,74,90,65,90,80,87
2021.10.01,67,88,74,87,67,86,86,84
2021.10.02,67,87,71,87,74,85,78,86
2021.10.03,67,86,71,87,77,88,77,86
2021.10.04,68,86,71,87,71,89,71,86
2021.10.05,68,86,71,87,68,89,68,88
2021.10.06,68,87,71,87,69,87,69,89
2021.10.07,68,87,69,87,73,90,74,89
2021.10.08,68,87,69,87,74,90,74,89
2021.10.09,68,87,71,87,67,88,81,89
2021.10.10,69,86,70,88,66,93,82,86
2021.10.11,69,84,69,88,70,82,78,85
2021.10.12,68,82,64,88,70,85,69,86
2021.10.13,67,82,64,88,70,87,73,87
2021.10.14,67,82,64,87,76,83,71,88
2021.10.15,66,82,64,87,78,86,63,87
2021.10.16,65,81,64,86,75,72,59,88
2021.10.17,64,82,63,87,62,72,65,88
2021.10.18,64,82,63,86,59,75,70,84
2021.10.19,63,82,64,86,66,82,71,84
2021.10.20,64,82,65,86,74,83,72,85
2021.10.21,64,82,65,86,73,85,65,86
2021.10.22,64,82,64,86,68,85,56,83
2021.10.23,64,81,64,86,59,85,55,87
2021.10.24,64,81,64,86,59,87,51,85
2021.10.25,65,80,62,86,72,87,53,87
2021.10.26,65,80,60,86,62,87,56,88
2021.10.27,64,80,60,87,61,78,56,89
2021.10.28,61,80,60,87,58,77,55,88
2021.10.29,60,80,60,87,56,73,55,86
2021.10.30,61,80,60,87,64,78,58,82
2021.10.31,61,80,56,87,64,81,54,82
2021.11.01,57,73,55,83,58,79,49,81
2021.11.02,57,76,59,83,52,79,47,78
2021.11.03,57,76,59,83,52,66,45,83
2021.11.04,59,76,59,83,50,60,47,83
2021.11.05,59,76,59,83,51,62,51,79
2021.11.06,59,76,59,83,51,67,58,76
2021.11.07,59,76,58,83,54,72,65,75
2021.11.08,58,76,58,82,62,76,65,76
2021.11.09,58,76,59,82,68,75,56,79
2021.11.10,59,75,59,83,63,80,57,82
2021.11.11,59,74,56,83,60,72,57,82
2021.11.12,59,70,50,83,65,77,43,80
2021.11.13,57,70,50,84,62,68,41,84
2021.11.14,56,70,50,82,47,77,38,77
2021.11.15,55,70,50,82,47,80,35,77
2021.11.16,54,70,50,82,49,80,53,79
2021.11.17,53,70,49,82,55,82,61,81
2021.11.18,53,70,49,81,68,67,42,79
2021.11.19,51,70,49,81,49,64,39,82
2021.11.20,53,70,51,81,45,72,50,79
2021.11.21,53,70,51,81,54,78,54,81
2021.11.22,53,70,49,81,53,69,36,83
2021.11.23,53,70,49,81,42,69,43,72
2021.11.24,53,70,49,81,45,79,52,76
2021.11.25,53,70,47,81,54,68,49,76
2021.11.26,53,69,46,81,46,56,31,79
2021.11.27,53,69,46,81,39,53,41,77
2021.11.28,49,69,46,81,40,69,39,78
2021.11.29,49,69,46,81,43,70,40,74
2021.11.30,49,69,46,81,41,72,51,77
2021.12.01,48,72,46,80,48,76,49,79
2021.12.02,48,74,50,80,57,77,58,80
2021.12.03,48,74,50,80,48,75,50,79
2021.12.04,48,75,50,80,48,77,44,79
2021.12.05,48,76,50,80,47,79,46,82
2021.12.06,48,76,50,80,61,72,39,83
2021.12.07,48,76,48,80,44,67,25,84
2021.12.08,48,77,48,80,41,75,35,84
2021.12.09,48,77,50,80,39,79,46,84
2021.12.10,49,75,49,81,48,84,58,82
2021.12.11,49,73,48,81,65,72,59,82
2021.12.12,49,70,43,82,54,60,49,83
2021.12.13,48,70,43,82,51,62,49,83
2021.12.14,47,70,43,80,52,75,54,81
2021.12.15,46,70,42,80,53,80,66,81
2021.12.16,45,68,42,80,60,82,65,81
2021.12.17,44,69,41,80,58,78,40,82
2021.12.18,44,69,41,79,46,71,40,82
2021.12.19,42,69,42,79,45,54,38,84
2021.12.20,43,69,43,79,35,58,43,81
2021.12.21,44,69,43,79,43,65,42,78
2021.12.22,44,69,42,78,46,72,31,72
2021.12.23,43,71,42,78,36,72,47,74
2021.12.24,43,71,42,78,41,79,58,77
2021.12.25,44,70,42,77,50,78,56,80
2021.12.26,44,71,41,77,50,77,43,82
2021.12.27,43,74,41,78,38,80,49,82
2021.12.28,47,74,41,78,47,74,37,79
2021.12.29,47,74,41,78,45,81,38,81
2021.12.30,47,74,41,78,48,81,39,83
2021.12.31,47,74,38,79,53,82,47,82
2022.01.01,44,60,36,80,54,80,41,82
2022.01.02,44,61,35,80,56,47,31,83
2022.01.03,42,62,32,80,36,54,23,81
2022.01.04,41,64,33,80,34,65,35,77
2022.01.05,40,65,33,79,45,71,33,81
2022.01.06,40,65,33,79,39,56,14,80
2022.01.07,40,65,32,79,33,46,14,81
2022.01.08,40,65,32,78,28,65,34,79
2022.01.09,40,65,34,78,39,64,35,78
2022.01.10,41,62,34,78,39,57,19,81
2022.01.11,41,61,34,78,23,51,36,75
2022.01.12,43,61,34,78,40,62,42,75
2022.01.13,43,61,34,79,46,73,41,76
2022.01.14,41,64,34,75,42,75,36,72
2022.01.15,40,64,34,75,21,62,28,75
2022.01.16,40,63,34,76,36,60,29,77
2022.01.17,40,64,34,77,47,67,30,73
2022.01.18,40,64,34,77,35,74,44,69
2022.01.19,39,62,35,77,47,76,42,75
2022.01.20,38,62,31,77,43,47,21,79
2022.01.21,38,62,31,77,22,48,26,81
2022.01.22,38,62,31,77,29,53,35,77
2022.01.23,38,61,31,77,36,56,24,67
2022.01.24,38,61,30,77,34,53,28,64
2022.01.25,38,61,30,77,43,55,12,74
2022.01.26,38,62,30,77,27,54,12,80
2022.01.27,35,62,30,77,31,60,32,80
2022.01.28,34,62,30,77,33,58,28,76
2022.01.29,35,62,30,77,28,65,21,65
2022.01.30,35,61,30,75,24,67,31,61
2022.01.31,36,59,31,76,28,59,33,70
2022.02.01,41,58,37,80,33,66,47,74
2022.02.02,42,59,36,80,43,60,33,78
2022.02.03,42,60,33,80,50,39,25,79
2022.02.04,43,62,33,80,55,42,24,80
2022.02.05,42,63,33,80,28,49,16,80
2022.02.06,42,65,33,81,30,57,31,81
2022.02.07,42,65,33,81,37,59,29,81
2022.02.08,42,65,33,81,45,64,39,80
2022.02.09,42,65,35,80,44,71,41,67
2022.02.10,42,62,35,81,53,71,34,78
2022.02.11,42,61,35,81,55,74,45,80
2022.02.12,44,61,35,81,56,58,29,82
2022.02.13,44,61,35,81,41,64,21,74
2022.02.14,44,64,34,80,25,67,28,70
2022.02.15,43,64,35,80,31,74,43,75
2022.02.16,44,64,35,80,46,77,55,79
2022.02.17,44,64,35,81,65,71,45,80
2022.02.18,44,64,35,81,61,57,31,83
2022.02.19,43,65,37,81,39,63,30,85
2022.02.20,44,65,40,81,36,71,51,78
2022.02.21,44,66,40,81,52,84,53,79
2022.02.22,44,66,39,81,59,84,54,81
2022.02.23,44,65,39,81,67,49,26,81
2022.02.24,44,65,39,81,35,39,29,82
2022.02.25,44,65,38,81,42,39,29,81
2022.02.26,44,66,39,81,36,42,34,82
2022.02.27,41,66,39,81,46,59,45,83
2022.02.28,40,66,39,81,35,63,55,85
2022.03.01,47,73,49,82,45,70,51,82
2022.03.02,47,74,48,82,51,73,58,79
2022.03.03,48,75,49,82,44,77,37,81
2022.03.04,48,76,49,82,37,78,42,81
2022.03.05,48,76,49,82,44,81,70,81
2022.03.06,54,76,49,83,68,81,61,81
2022.03.07,54,76,49,83,73,72,37,83
2022.03.08,54,76,49,83,51,52,39,84
2022.03.09,54,76,51,82,39,60,43,84
2022.03.10,54,75,51,83,48,71,32,85
2022.03.11,54,74,51,83,52,62,33,86
2022.03.12,56,74,51,83,45,55,24,89
2022.03.13,56,74,51,83,36,66,53,74
2022.03.14,56,75,50,82,55,81,62,77
2022.03.15,55,76,50,82,63,76,53,79
2022.03.16,56,76,50,82,63,80,70,84
2022.03.17,56,75,50,83,54,75,72,84
2022.03.18,56,75,50,83,71,73,47,84
2022.03.19,55,77,52,83,67,77,43,85
2022.03.20,56,78,55,83,59,78,63,86
2022.03.21,56,79,55,83,61,81,74,79
2022.03.22,56,80,55,83,56,66,60,82
2022.03.23,56,79,55,83,48,68,61,86
2022.03.24,56,79,54,83,48,75,47,87
2022.03.25,56,79,53,83,60,83,49,79
2022.03.26,56,79,53,83,51,88,36,80
2022.03.27,53,79,53,83,45,86,37,83
2022.03.28,51,79,53,83,31,86,34,83
2022.03.29,51,79,53,83,37,81,43,85
2022.03.30,52,79,53,83,45,80,63,82
2022.03.31,53,77,53,84,66,75,51,85
2022.04.01,56,76,54,85,60,81,45,88
2022.04.02,56,77,56,85,53,85,44,87
2022.04.03,56,77,59,85,47,86,49,86
2022.04.04,58,79,59,85,54,83,55,82
2022.04.05,58,79,59,85,55,94,54,86
2022.04.06,61,79,59,85,54,78,58,90
2022.04.07,61,79,59,86,53,76,46,92
2022.04.08,61,79,59,85,62,78,42,84
2022.04.09,61,79,60,85,55,86,49,82
2022.04.10,61,79,60,85,49,86,62,79
2022.04.11,61,78,60,85,58,84,61,79
2022.04.12,63,78,60,86,70,88,71,82
2022.04.13,63,78,60,86,68,92,72,83
2022.04.14,63,79,60,85,81,82,53,85
2022.04.15,62,80,60,85,68,84,55,83
2022.04.16,62,80,60,85,69,85,49,84
2022.04.17,62,80,60,86,50,84,42,85
2022.04.18,62,80,60,86,52,78,43,87
2022.04.19,62,81,61,86,50,73,51,87
2022.04.20,62,82,64,86,58,84,53,83
2022.04.21,63,83,64,86,57,82,69,82
2022.04.22,63,83,63,86,67,88,64,83
2022.04.23,62,82,63,86,61,87,83,84
2022.04.24,62,82,63,86,61,90,74,85
2022.04.25,62,82,62,86,58,74,58,84
2022.04.26,62,82,62,86,60,76,53,85
2022.04.27,61,82,62,86,57,78,43,85
2022.04.28,61,82,62,86,56,85,50,88
2022.04.29,61,82,62,86,61,85,67,84
2022.04.30,62,82,62,86,65,87,73,83
2022.05.01,66,85,67,87,67,86,59,85
2022.05.02,66,86,68,87,56,85,58,86
2022.05.03,66,87,68,87,64,89,51,86
2022.05.04,67,87,68,87,66,90,55,87
2022.05.05,67,88,68,88,72,84,54,91
2022.05.06,67,88,68,88,59,92,51,92
2022.05.07,67,88,68,88,50,94,63,91
2022.05.08,67,88,68,88,57,96,67,93
2022.05.09,67,88,70,87,67,96,81,87
2022.05.10,68,88,70,88,70,93,89,86
2022.05.11,69,87,70,88,72,93,88,89
2022.05.12,70,87,70,88,72,93,91,84
2022.05.13,70,87,70,88,71,91,89,87
2022.05.14,70,88,70,87,71,92,83,88
2022.05.15,71,89,70,87,76,94,77,90
2022.05.16,71,88,70,87,74,96,77,88
2022.05.17,71,89,70,88,74,97,67,88
2022.05.18,71,89,71,88,71,97,65,90
2022.05.19,71,90,73,88,69,96,85,90
2022.05.20,71,90,76,88,71,96,88,87
2022.05.21,71,90,76,88,89,98,64,88
2022.05.22,71,90,75,88,87,82,65,89
2022.05.23,71,89,75,88,72,87,61,87
2022.05.24,71,89,76,88,67,86,66,88
2022.05.25,71,89,75,88,68,81,81,88
2022.05.26,71,90,75,88,68,94,77,88
2022.05.27,72,90,75,88,77,95,64,89
2022.05.28,72,90,75,88,73,95,75,91
2022.05.29,72,90,75,88,77,95,84,88
2022.05.30,73,90,75,88,84,94,88,86
2022.05.31,74,90,76,88,92,96,87,84
2022.06.01,78,93,81,90,72,91,75,90
2022.06.02,78,94,82,90,79,89,78,86
2022.06.03,78,94,82,90,76,91,81,77
2022.06.04,79,95,82,90,81,93,71,84
2022.06.05,80,95,82,90,76,97,79,88
2022.06.06,80,96,82,90,80,100,79,87
2022.06.07,80,96,81,90,77,100,69,85
2022.06.08,79,96,81,90,82,99,71,86
2022.06.09,79,96,83,89,81,98,78,89
2022.06.10,80,96,83,90,77,99,80,88
2022.06.11,80,95,82,90,74,102,74,86
2022.06.12,80,95,82,90,72,102,70,90
2022.06.13,80,95,82,90,83,100,89,90
2022.06.14,80,96,82,89,82,98,98,89
2022.06.15,80,97,82,89,81,96,97,89
2022.06.16,80,96,82,89,72,101,95,89
2022.06.17,80,96,82,90,89,98,87,89
2022.06.18,80,96,83,90,73,98,74,89
2022.06.19,80,97,84,90,73,100,86,91
2022.06.20,81,97,86,90,78,101,95,89
2022.06.21,81,97,87,90,79,99,99,87
2022.06.22,81,97,86,90,68,98,92,86
2022.06.23,80,96,86,90,72,101,84,89
2022.06.24,80,96,86,90,81,101,92,91
2022.06.25,81,96,86,91,90,100,82,90
2022.06.26,81,97,86,91,88,100,82,89
2022.06.27,81,97,86,91,77,98,79,88
2022.06.28,82,97,86,91,79,92,86,89
2022.06.29,82,97,86,91,84,97,88,90
2022.06.30,83,97,86,91,87,96,93,89
2022.07.01,84,95,85,91,91,96,84,89
2022.07.02,84,96,86,92,87,98,84,89
2022.07.03,84,97,86,92,87,99,86,90
2022.07.04,85,97,86,92,86,100,89,90
2022.07.05,85,98,86,92,86,99,94,90
2022.07.06,85,98,85,92,88,101,80,89
2022.07.07,85,98,84,92,83,100,85,90
2022.07.08,85,99,84,92,84,101,77,89
2022.07.09,85,99,85,91,85,103,77,90
2022.07.10,85,99,85,92,82,106,87,92
2022.07.11,85,99,84,92,84,105,87,92
2022.07.12,85,99,84,92,91,105,87,92
2022.07.13,85,99,84,92,91,103,84,92
2022.07.14,85,99,84,91,90,98,81,89
2022.07.15,85,99,84,91,85,95,76,86
2022.07.16,85,99,84,91,83,98,78,87
2022.07.17,85,99,84,92,82,101,77,90
2022.07.18,85,99,85,91,83,102,89,90
2022.07.19,85,99,85,91,90,102,89,89
2022.07.20,85,99,87,91,93,103,89,90
2022.07.21,86,99,87,91,92,102,90,90
2022.07.22,86,99,86,91,94,100,90,88
2022.07.23,85,98,86,91,95,99,87,89
2022.07.24,85,98,86,91,97,101,87,90
2022.07.25,85,98,86,91,88,101,77,90
2022.07.26,85,98,86,91,84,101,82,85
2022.07.27,85,98,86,91,83,100,85,89
2022.07.28,85,98,86,91,87,100,82,90
2022.07.29,84,98,86,91,87,100,81,89
2022.07.30,85,98,85,91,88,101,83,90
2022.07.31,85,98,84,91,85,101,85,90
2022.08.01,83,98,84,91,79,99,88,91
2022.08.02,83,97,86,92,91,102,91,91
2022.08.03,83,97,86,92,90,103,93,89
2022.08.04,84,98,86,92,92,103,83,89
2022.08.05,84,98,86,92,90,102,86,88
2022.08.06,84,98,85,92,90,96,93,89
2022.08.07,84,98,84,92,92,99,84,87
2022.08.08,84,99,84,92,94,100,85,90
2022.08.09,84,99,85,92,98,99,75,89
2022.08.10,84,99,85,92,88,102,85,91
2022.08.11,84,99,84,92,89,100,78,90
2022.08.12,84,99,84,92,84,98,78,91
2022.08.13,84,99,84,92,80,100,80,91
2022.08.14,84,99,84,91,81,93,78,90
2022.08.15,83,99,84,91,83,98,78,91
2022.08.16,83,98,84,91,83,98,81,91
2022.08.17,83,98,83,92,80,100,82,93
2022.08.18,83,98,84,91,86,97,84,94
2022.08.19,83,99,85,91,90,89,87,93
2022.08.20,83,99,87,91,89,97,80,92
2022.08.21,84,99,87,91,82,93,78,92
2022.08.22,84,99,86,91,78,97,81,92
2022.08.23,83,98,86,91,85,88,84,91
2022.08.24,83,98,86,91,89,90,85,91
2022.08.25,83,98,85,91,90,93,83,92
2022.08.26,83,98,85,91,85,96,78,92
2022.08.27,83,98,85,91,87,96,83,90
2022.08.28,80,98,85,91,81,97,90,89
2022.08.29,80,98,85,91,84,97,89,89
2022.08.30,81,98,85,91,87,85,81,91
2022.08.31,81,98,83,91,84,88,86,89
2022.09.01,78,97,80,92,85,91,89,92
2022.09.02,78,96,82,92,78,93,87,91
2022.09.03,78,96,82,92,81,88,88,92
2022.09.04,79,96,82,92,87,87,75,92
2022.09.05,79,97,82,92,85,92,73,92
2022.09.06,79,97,81,92,73,93,79,92
2022.09.07,79,97,79,92,72,95,80,93
2022.09.08,79,97,79,92,77,94,84,92
2022.09.09,79,97,80,91,80,92,85,91
2022.09.10,79,96,80,92,84,93,86,92
2022.09.11,79,94,80,92,76,92,72,92
2022.09.12,79,94,78,92,82,91,66,91
2022.09.13,77,94,78,92,81,92,78,91
2022.09.14,77,94,78,90,79,92,80,87
2022.09.15,77,94,77,90,73,91,83,89
2022.09.16,75,94,77,90,75,94,84,86
2022.09.17,75,94,77,91,74,95,87,90
2022.09.18,75,94,77,90,83,96,86,86
2022.09.19,74,94,77,90,86,95,77,87
2022.09.20,74,94,79,90,78,96,91,91
2022.09.21,74,94,79,90,80,95,87,90
2022.09.22,74,94,78,90,75,97,66,91
2022.09.23,73,93,78,90,62,97,65,93
2022.09.24,73,93,77,90,69,94,74,90
2022.09.25,74,93,75,90,73,95,68,90
2022.09.26,74,93,74,90,74,93,64,87
2022.09.27,73,93,74,90,69,90,61,82
2022.09.28,70,93,74,90,70,90,61,85
2022.09.29,70,93,74,90,66,90,63,86
2022.09.30,71,93,74,90,62,86,65,84
2022.10.01,68,89,75,89,62,86,68,83
2022.10.02,68,88,71,89,60,85,66,84
2022.10.03,68,87,71,89,53,86,67,88
2022.10.04,69,87,71,89,55,88,74,86
2022.10.05,69,88,71,89,60,88,76,86
2022.10.06,69,88,70,89,73,90,76,84
2022.10.07,69,88,69,89,75,86,56,86
2022.10.08,68,88,69,89,58,89,58,85
2022.10.09,68,88,70,88,61,88,69,85
2022.10.10,69,87,70,89,67,89,74,89
2022.10.11,69,85,69,89,68,88,71,89
2022.10.12,68,83,64,89,68,94,67,89
2022.10.13,66,83,64,89,69,90,57,86
2022.10.14,66,83,63,87,66,88,62,87
2022.10.15,66,83,63,88,67,92,54,86
2022.10.16,64,82,63,87,64,89,56,86
2022.10.17,64,82,63,87,66,76,44,86
2022.10.18,64,82,63,87,56,67,48,86
2022.10.19,62,83,63,87,54,70,48,77
2022.10.20,63,83,65,87,57,83,61,80
2022.10.21,63,83,65,87,61,85,75,81
2022.10.22,63,83,63,87,64,87,79,84
2022.10.23,63,80,63,87,61,87,78,84
2022.10.24,63,80,63,87,61,87,77,84
2022.10.25,63,79,61,87,70,75,70,86
2022.10.26,63,78,60,87,71,74,56,86
2022.10.27,62,78,60,87,64,79,52,87
2022.10.28,60,78,60,87,56,67,59,86
2022.10.29,60,78,60,87,58,70,64,86
2022.10.30,60,78,59,87,62,74,64,86
2022.10.31,60,78,56,87,64,77,59,87
2022.11.01,57,67,55,84,67,69,68,88
2022.11.02,58,73,59,84,69,75,71,88
2022.11.03,58,73,59,84,65,84,73,86
2022.11.04,59,73,59,84,69,85,73,85
2022.11.05,59,74,59,84,74,72,70,86
2022.11.06,59,74,59,84,74,83,62,86
2022.11.07,59,74,57,84,75,84,55,85
2022.11.08,58,74,57,84,57,80,53,85
2022.11.09,58,74,59,83,52,82,69,77
2022.11.10,59,73,58,84,65,81,74,83
2022.11.11,59,71,56,84,67,78,60,86
2022.11.12,59,68,50,85,68,57,37,85
2022.11.13,56,68,50,85,58,57,37,86
2022.11.14,55,68,49,83,45,55,41,85
2022.11.15,55,67,49,83,46,51,37,85
2022.11.16,53,67,49,82,51,55,35,85
2022.11.17,53,67,48,82,46,58,35,78
2022.11.18,52,67,48,81,43,55,29,80
2022.11.19,51,67,49,81,40,49,29,81
2022.11.20,51,67,50,81,37,48,33,77
2022.11.21,52,67,50,81,40,45,46,77
2022.11.22,52,67,49,81,50,56,50,82
2022.11.23,51,65,49,81,54,64,56,85
2022.11.24,51,65,49,81,52,67,53,85
2022.11.25,52,65,47,81,54,63,51,86
2022.11.26,52,64,46,81,55,61,55,86
2022.11.27,51,64,46,81,58,70,45,87
2022.11.28,49,64,46,81,54,73,46,86
2022.11.29,48,64,46,81,43,81,59,83
2022.11.30,49,64,45,81,57,61,39,85
2022.12.01,48,64,41,82,43,55,36,82
2022.12.02,48,69,45,82,44,68,52,81
2022.12.03,48,70,45,82,57,65,51,82
2022.12.04,48,71,45,82,44,58,39,81
2022.12.05,48,71,45,82,46,77,44,81
2022.12.06,48,72,45,82,56,79,45,82
2022.12.07,48,72,43,82,58,81,45,83
2022.12.08,48,73,43,82,53,80,42,82
2022.12.09,48,73,45,81,45,79,37,81
2022.12.10,49,70,44,81,40,79,39,82
2022.12.11,49,69,43,81,40,67,40,81
2022.12.12,49,65,38,82,39,70,42,80
2022.12.13,48,65,38,82,40,77,38,81
2022.12.14,46,65,38,79,39,67,46,81
2022.12.15,46,65,37,80,42,62,39,85
2022.12.16,44,63,37,79,44,55,32,81
2022.12.17,44,64,36,79,44,56,27,79
2022.12.18,43,64,36,78,39,53,22,79
2022.12.19,42,63,37,78,38,50,27,78
2022.12.20,42,63,39,78,39,52,35,80
2022.12.21,42,63,39,78,39,50,32,81
2022.12.22,42,64,37,75,45,59,34,84
2022.12.23,42,62,37,75,56,31,-1,82
2022.12.24,42,62,38,74,19,38,14,61
2022.12.25,42,62,38,74,28,49,14,50
2022.12.26,42,62,37,74,30,60,23,57
2022.12.27,42,65,37,75,37,56,27,72
2022.12.28,49,65,37,75,45,74,46,77
2022.12.29,49,65,37,75,48,73,57,79
2022.12.30,49,65,38,75,59,63,56,81
2022.12.31,49,65,34,75,54,74,39,83
2023.01.01,48,60,37,82,53,76,46,83
2023.01.02,48,64,38,82,55,81,43,83
2023.01.03,46,64,37,82,56,73,52,82
2023.01.04,46,67,38,82,65,72,47,82
2023.01.05,46,67,38,81,53,66,34,85
2023.01.06,46,67,38,80,47,77,33,78
2023.01.07,46,67,37,80,45,74,33,78
2023.01.08,46,67,37,80,40,66,35,79
2023.01.09,46,67,39,80,44,70,43,80
2023.01.10,47,65,39,80,42,79,48,80
2023.01.11,47,64,39,80,39,79,53,77
2023.01.12,49,64,39,81,52,68,45,80
2023.01.13,49,64,39,81,55,61,35,81
2023.01.14,47,66,38,77,37,63,32,62
2023.01.15,46,66,39,77,41,74,43,63
2023.01.16,46,66,39,78,47,76,50,72
2023.01.17,46,66,39,78,46,79,49,75
2023.01.18,46,66,39,78,51,76,39,78
2023.01.19,45,65,40,78,43,66,42,83
2023.01.20,43,64,36,78,48,57,35,82
2023.01.21,42,64,36,79,42,60,34,82
2023.01.22,42,64,35,79,42,60,34,84
2023.01.23,43,63,35,79,38,58,32,86
2023.01.24,43,63,35,79,45,57,36,79
2023.01.25,43,63,34,80,52,55,35,84
2023.01.26,43,64,35,80,54,55,32,82
2023.01.27,42,64,35,80,42,57,37,72
2023.01.28,40,64,35,80,51,62,30,78
2023.01.29,41,64,35,80,52,73,31,82
2023.01.30,41,63,35,79,53,41,19,83
2023.01.31,42,61,35,80,46,34,14,83
2023.02.01,45,58,38,82,37,36,28,85
2023.02.02,45,62,39,82,39,43,33,83
2023.02.03,46,62,38,82,33,52,14,88
2023.02.04,46,64,39,82,26,62,43,75
2023.02.05,46,65,39,82,48,72,43,83
2023.02.06,46,67,39,82,51,75,45,80
2023.02.07,46,67,38,82,40,72,50,79
2023.02.08,47,67,38,82,52,60,44,79
2023.02.09,47,67,40,82,53,72,47,80
2023.02.10,47,64,40,82,58,55,39,82
2023.02.11,47,63,40,82,44,57,46,85
2023.02.12,49,63,41,83,46,63,51,78
2023.02.13,49,63,41,83,56,71,52,76
2023.02.14,49,66,40,81,53,77,54,77
2023.02.15,48,67,40,81,64,79,52,81
2023.02.16,49,66,40,82,68,70,36,83
2023.02.17,49,67,40,82,60,52,26,83
2023.02.18,49,67,40,82,42,55,46,83
2023.02.19,48,68,42,82,48,73,52,83
2023.02.20,48,68,46,82,60,80,45,84
2023.02.21,48,69,46,83,47,81,40,86
2023.02.22,48,69,45,83,42,88,36,84
2023.02.23,48,67,45,83,44,77,44,84
2023.02.24,48,67,44,83,44,58,28,85
2023.02.25,48,67,44,83,33,68,39,85
2023.02.26,48,68,44,83,50,80,50,87
2023.02.27,47,68,44,83,42,79,59,85
2023.02.28,45,68,44,83,37,82,51,89
2023.03.01,47,72,45,83,44,86,57,86
2023.03.02,48,74,46,83,55,83,40,84
2023.03.03,49,74,48,84,46,72,38,87
2023.03.04,48,76,48,84,44,77,49,90
2023.03.05,49,76,48,84,53,78,48,90
2023.03.06,54,76,48,84,51,80,58,91
2023.03.07,54,75,48,84,46,80,43,91
2023.03.08,54,75,48,84,48,81,45,89
2023.03.09,54,75,50,84,51,84,40,80
2023.03.10,54,75,50,84,45,72,36,83
2023.03.11,55,74,50,84,44,88,40,87
2023.03.12,56,74,50,85,47,74,38,88
2023.03.13,56,74,50,85,44,67,34,89
2023.03.14,56,75,49,83,38,66,37,85
2023.03.15,56,75,49,83,44,74,50,76
2023.03.16,57,75,49,83,57,82,52,76
2023.03.17,57,75,49,84,58,59,51,81
2023.03.18,56,75,49,84,54,52,26,87
2023.03.19,56,76,51,84,40,58,41,82
2023.03.20,55,77,54,84,51,56,51,76
2023.03.21,55,78,54,84,61,71,54,79
2023.03.22,55,79,53,84,58,79,55,81
2023.03.23,55,78,53,84,59,81,47,82
2023.03.24,55,78,52,84,55,85,44,84
2023.03.25,55,78,52,85,46,79,44,85
2023.03.26,55,78,52,85,61,79,48,86
2023.03.27,54,78,52,85,60,78,45,87
2023.03.28,52,78,52,85,51,70,51,88
2023.03.29,52,78,52,85,53,70,42,87
2023.03.30,53,77,52,84,45,78,56,79
2023.03.31,54,76,51,85,51,89,70,83
2023.04.01,56,74,54,86,69,82,53,85
2023.04.02,56,76,56,86,51,86,55,89
2023.04.03,57,77,59,86,57,92,60,86
2023.04.04,58,78,59,86,69,89,73,86
2023.04.05,58,78,59,86,56,75,73,87
2023.04.06,61,78,59,86,78,57,53,86
2023.04.07,61,78,59,86,58,55,48,85
2023.04.08,61,79,59,86,52,65,63,86
2023.04.09,61,79,60,86,54,73,67,88
2023.04.10,62,78,60,86,65,71,69,79
2023.04.11,62,77,60,86,73,73,77,78
2023.04.12,63,77,60,87,82,77,80,77
2023.04.13,63,77,60,87,88,77,81,86
2023.04.14,63,78,60,85,87,80,82,88
2023.04.15,63,79,60,85,72,90,81,88
2023.04.16,63,79,60,86,70,72,63,87
2023.04.17,63,79,60,86,69,77,41,87
2023.04.18,63,79,60,86,56,79,58,83
2023.04.19,62,80,61,86,63,82,74,81
2023.04.20,62,81,64,86,63,84,80,83
2023.04.21,62,82,64,86,69,78,62,84
2023.04.22,62,82,63,86,66,79,47,87
2023.04.23,61,81,63,86,66,67,43,86
2023.04.24,61,81,62,87,60,70,53,81
2023.04.25,61,81,62,87,59,74,48,86
2023.04.26,61,81,62,87,57,80,49,88
2023.04.27,60,81,62,87,56,79,66,88
2023.04.28,61,81,62,87,55,83,58,88
2023.04.29,61,81,62,87,53,73,59,89
2023.04.30,62,81,62,87,60,85,49,86
2023.05.01,66,84,67,89,60,82,48,86
2023.05.02,66,86,68,89,56,80,54,90
2023.05.03,66,87,68,89,55,84,56,91
2023.05.04,67,87,68,89,56,83,71,89
2023.05.05,67,88,68,89,63,91,77,88
2023.05.06,67,88,68,89,71,90,78,88
2023.05.07,67,88,68,89,76,85,83,84
2023.05.08,67,88,68,89,75,88,64,86
2023.05.09,67,88,70,88,69,77,68,89
2023.05.10,69,88,70,89,71,81,78,91
2023.05.11,69,87,70,89,79,85,82,88
2023.05.12,70,87,70,89,85,87,74,88
2023.05.13,70,87,70,89,80,77,68,87
2023.05.14,70,88,70,88,73,82,63,88
2023.05.15,71,89,70,88,75,82,65,89
2023.05.16,71,88,70,88,80,82,79,91
2023.05.17,71,88,70,89,67,86,62,91
2023.05.18,71,88,71,89,59,87,74,89
2023.05.19,71,89,73,89,68,88,74,89
2023.05.20,71,90,76,89,64,82,67,89
2023.05.21,70,90,76,89,70,74,78,89
2023.05.22,70,90,75,89,73,83,81,88
2023.05.23,70,89,75,89,69,86,84,86
2023.05.24,70,89,76,89,74,85,69,86
2023.05.25,70,89,75,89,66,85,61,87
2023.05.26,70,89,75,89,72,86,69,84
2023.05.27,72,89,75,89,77,87,73,87
2023.05.28,72,89,75,89,77,84,78,91
2023.05.29,72,89,75,89,78,85,82,90
2023.05.30,73,89,75,89,70,88,88,89
2023.05.31,73,89,75,89,75,88,91,86
2023.06.01,78,92,81,91,84,90,92,89
2023.06.02,78,94,82,91,88,89,91,87
2023.06.03,78,94,82,91,69,89,88,86
2023.06.04,80,95,82,91,70,82,79,88
2023.06.05,80,95,82,91,75,85,84,89
2023.06.06,80,96,82,91,78,88,79,83
2023.06.07,80,96,81,91,72,89,74,86
2023.06.08,80,96,81,91,71,87,73,90
2023.06.09,80,96,83,91,72,96,79,88
2023.06.10,80,96,83,91,78,96,87,89
2023.06.11,80,95,82,91,81,97,68,88
2023.06.12,80,95,82,91,76,96,69,87
2023.06.13,80,95,82,92,79,96,68,90
2023.06.14,80,96,82,90,75,95,73,92
2023.06.15,80,96,82,90,78,97,83,92
2023.06.16,81,96,82,90,79,98,67,94
2023.06.17,81,96,82,91,77,95,78,91
2023.06.18,80,96,83,91,80,101,85,89
2023.06.19,80,97,84,91,79,100,85,92
2023.06.20,80,97,86,91,77,102,83,89
2023.06.21,80,97,86,91,72,101,87,88
2023.06.22,80,97,86,91,70,94,84,86
2023.06.23,80,96,86,92,72,96,84,89
2023.06.24,80,96,86,92,79,99,91,89
2023.06.25,80,96,86,92,84,99,87,89
2023.06.26,80,96,86,92,78,99,77,89
2023.06.27,81,96,86,92,78,99,76,92
2023.06.28,82,96,86,92,82,98,84,92
2023.06.29,81,96,86,92,82,97,87,92
2023.06.30,82,96,86,92,83,97,91,90
2023.07.01,84,97,85,93,81,98,85,89
2023.07.02,84,100,86,94,86,94,73,91
2023.07.03,84,100,86,94,87,96,84,92
2023.07.04,85,101,86,94,83,94,90,91
2023.07.05,85,101,86,94,91,94,91,92
2023.07.06,85,101,85,94,88,88,78,93
2023.07.07,85,101,84,94,85,92,79,93
2023.07.08,85,102,84,94,86,97,74,94
2023.07.09,85,102,85,93,81,99,83,94
2023.07.10,85,102,85,93,83,100,85,95
2023.07.11,85,102,84,93,88,101,87,95
2023.07.12,85,102,84,94,90,104,81,96
2023.07.13,85,102,84,94,88,104,77,94
2023.07.14,85,102,84,92,82,103,89,92
2023.07.15,85,102,84,92,86,103,84,92
2023.07.16,86,102,84,92,79,102,81,94
2023.07.17,86,102,84,93,88,103,80,93
2023.07.18,85,102,85,93,84,103,77,91
2023.07.19,85,102,85,93,80,103,84,89
2023.07.20,85,102,87,93,85,102,87,92
2023.07.21,85,102,87,93,84,101,79,93
2023.07.22,85,102,86,93,83,102,84,94
2023.07.23,84,101,86,93,86,101,85,97
2023.07.24,84,101,86,93,84,101,86,95
2023.07.25,84,100,86,93,84,100,90,94
2023.07.26,84,100,86,93,86,100,91,88
2023.07.27,84,100,86,93,92,99,89,88
2023.07.28,84,100,86,93,92,99,92,88
2023.07.29,84,100,86,93,90,100,80,92
2023.07.30,84,100,85,93,79,101,79,92
2023.07.31,84,100,84,93,84,103,81,94
2023.08.01,83,102,84,93,80,102,84,93
2023.08.02,83,102,86,94,81,104,84,93
2023.08.03,83,102,86,94,79,102,88,91
2023.08.04,84,102,86,94,78,104,84,90
2023.08.05,84,103,86,94,86,105,74,91
2023.08.06,84,103,85,94,87,105,72,93
2023.08.07,84,103,84,94,81,106,78,94
2023.08.08,84,104,84,94,80,105,84,93
2023.08.09,84,104,85,93,85,107,80,94
2023.08.10,84,104,85,93,79,107,84,94
2023.08.11,84,104,84,93,84,107,84,93
2023.08.12,84,104,84,94,83,106,86,91
2023.08.13,84,104,84,94,86,106,81,92
2023.08.14,84,104,84,92,86,106,75,93
2023.08.15,83,103,84,92,79,102,76,94
2023.08.16,84,103,84,92,80,104,80,91
2023.08.17,84,103,83,93,78,108,80,93
2023.08.18,83,103,84,93,79,106,78,88
2023.08.19,83,104,85,93,79,105,82,90
2023.08.20,83,104,86,93,85,106,89,89
2023.08.21,83,104,86,93,87,106,81,90
2023.08.22,83,104,86,93,78,99,88,91
2023.08.23,82,102,86,93,79,102,98,90
2023.08.24,82,102,85,93,74,105,99,92
2023.08.25,83,102,85,93,80,106,80,91
2023.08.26,83,102,85,93,85,105,75,90
2023.08.27,82,102,85,93,82,108,74,91
2023.08.28,80,102,85,93,76,101,77,91
2023.08.29,79,102,85,93,80,100,85,90
2023.08.30,80,102,84,93,83,100,69,92
2023.08.31,80,102,83,93,76,101,75,93
2023.09.01,78,100,80,93,75,100,82,94
2023.09.02,78,99,82,93,80,101,88,89
2023.09.03,78,99,82,93,88,101,93,90
2023.09.04,79,99,82,93,89,101,92,90
2023.09.05,79,100,82,94,91,104,91,90
2023.09.06,79,100,81,93,93,102,83,91
2023.09.07,79,100,79,93,93,104,71,91
2023.09.08,79,100,79,93,88,106,68,91
2023.09.09,79,100,80,92,83,102,74,90
2023.09.10,79,99,80,93,75,100,79,91
2023.09.11,79,97,80,93,81,99,69,92
2023.09.12,79,97,78,93,82,96,70,93
2023.09.13,77,97,78,93,79,89,69,94
2023.09.14,77,97,78,91,76,94,71,92
2023.09.15,77,97,77,91,69,89,76,91
2023.09.16,76,97,77,91,75,84,70,91
2023.09.17,75,97,77,92,75,90,67,91
2023.09.18,75,97,77,91,69,94,69,92
2023.09.19,74,97,77,91,73,94,67,90
2023.09.20,73,97,79,91,73,97,79,88
2023.09.21,73,97,79,92,72,97,75,90
2023.09.22,73,97,77,92,70,98,76,89
2023.09.23,73,96,77,92,62,100,77,85
2023.09.24,73,96,77,92,66,102,76,89
2023.09.25,73,95,75,92,64,95,75,88
2023.09.26,73,94,74,92,62,95,74,89
2023.09.27,73,94,74,92,63,94,70,86
2023.09.28,70,94,74,92,65,95,70,88
2023.09.29,69,94,74,92,62,96,75,91
2023.09.30,70,94,73,92,68,96,82,90
2023.10.01,68,89,75,90,76,94,83,90
2023.10.02,68,89,71,90,77,95,84,86
2023.10.03,68,89,71,90,81,94,85,87
2023.10.04,69,89,71,90,82,97,84,88
2023.10.05,69,89,71,90,75,83,71,89
2023.10.06,69,89,70,90,72,87,62,90
2023.10.07,69,89,69,90,69,76,58,90
2023.10.08,68,89,69,90,60,79,55,89
2023.10.09,68,89,70,89,59,84,57,86
2023.10.10,69,88,70,90,63,80,61,90
2023.10.11,69,87,69,90,69,75,66,87
2023.10.12,68,85,64,90,68,85,62,92
2023.10.13,66,85,64,90,63,91,58,93
2023.10.14,66,84,63,88,54,78,56,86
2023.10.15,66,84,63,88,60,74,59,89
2023.10.16,65,84,63,88,63,73,55,79
2023.10.17,64,84,63,88,62,76,62,76
2023.10.18,64,84,63,87,62,83,66,82
2023.10.19,62,84,63,87,64,88,59,85
2023.10.20,62,84,64,87,62,96,60,83
2023.10.21,62,84,64,88,63,93,65,88
2023.10.22,62,84,63,88,57,89,57,86
2023.10.23,62,81,63,88,60,85,65,86
2023.10.24,62,81,63,88,64,82,80,84
2023.10.25,62,80,61,88,71,87,67,85
2023.10.26,62,78,60,88,78,81,70,85
2023.10.27,62,78,60,88,75,86,71,85
2023.10.28,59,78,60,88,79,87,50,85
2023.10.29,59,78,60,88,62,77,49,85
2023.10.30,60,78,59,88,62,49,42,87
2023.10.31,60,78,53,88,51,59,37,90
2023.11.01,57,68,55,85,49,58,41,86
2023.11.02,58,75,59,85,49,64,53,81
2023.11.03,58,75,59,85,55,74,56,83
2023.11.04,59,75,59,85,60,78,58,83
2023.11.05,59,75,59,85,63,79,59,84
2023.11.06,59,75,59,85,55,81,70,85
2023.11.07,59,75,57,85,66,84,57,86
2023.11.08,58,75,57,85,52,83,61,85
2023.11.09,58,75,59,84,58,76,55,86
2023.11.10,59,74,58,85,52,60,47,88
2023.11.11,59,73,56,85,54,64,51,88
2023.11.12,59,69,50,85,44,61,56,87
2023.11.13,56,69,50,86,48,66,62,86
2023.11.14,55,69,49,83,52,70,60,84
2023.11.15,55,69,49,84,52,73,64,78
2023.11.16,53,68,49,83,64,65,65,81
2023.11.17,53,68,48,83,66,80,62,83
2023.11.18,52,68,48,82,59,71,52,79
2023.11.19,51,68,49,82,55,68,53,83
2023.11.20,51,69,50,82,45,82,49,84
2023.11.21,51,69,50,82,47,62,45,83
2023.11.22,51,69,49,82,58,65,46,85
2023.11.23,51,67,49,82,52,58,47,83
2023.11.24,51,67,49,82,50,65,36,81
2023.11.25,51,66,47,82,39,61,37,82
2023.11.26,51,64,45,82,52,56,35,83
2023.11.27,51,64,45,82,55,55,29,80
2023.11.28,48,64,45,82,39,60,25,76
2023.11.29,48,64,45,82,37,63,42,75
2023.11.30,48,64,45,82,49,74,53,80
2023.12.01,50,66,43,82,48,69,45,84
2023.12.02,50,72,47,82,60,70,45,85
2023.12.03,50,72,47,82,52,73,41,87
2023.12.04,50,73,47,82,52,67,42,85
2023.12.05,51,74,47,82,43,71,41,83
2023.12.06,51,74,47,81,41,68,40,71
2023.12.07,51,74,48,81,39,73,53,74
2023.12.08,50,75,48,81,49,76,56,78
2023.12.09,51,75,50,80,57,75,56,81
2023.12.10,52,73,49,81,61,58,36,82
2023.12.11,52,71,48,81,52,64,36,73
2023.12.12,52,68,44,81,43,69,39,77
2023.12.13,50,68,44,81,46,58,40,74
2023.12.14,49,68,43,79,40,68,50,74
2023.12.15,49,67,43,79,56,64,53,73
2023.12.16,48,66,43,78,53,64,46,75
2023.12.17,47,66,41,78,57,69,45,78
2023.12.18,47,66,41,77,61,68,37,73
2023.12.19,45,66,42,77,43,67,33,71
2023.12.20,44,66,44,77,45,72,43,71
2023.12.21,44,66,44,77,41,64,47,76
2023.12.22,44,67,43,75,37,71,47,75
2023.12.23,45,65,43,75,43,71,51,77
2023.12.24,45,65,43,74,47,74,58,77
2023.12.25,45,64,43,73,50,58,57,76
2023.12.26,45,64,43,73,48,59,52,82
2023.12.27,45,66,43,74,48,63,43,76
2023.12.28,48,66,43,74,54,59,42,67
2023.12.29,48,66,43,74,55,59,42,70
2023.12.30,49,66,43,74,46,67,41,65
2023.12.31,49,66,37,74,43,71,36,70
2024.01.01,47,56,33,75,46,57,35,72
2024.01.02,47,60,34,75,42,52,39,71
2024.01.03,45,61,34,77,45,52,37,73
2024.01.04,44,64,35,77,44,58,36,77
2024.01.05,44,64,35,77,37,65,37,77
2024.01.06,44,66,35,77,37,61,34,80
2024.01.07,44,66,34,77,38,64,35,74
2024.01.08,45,66,34,78,44,70,38,76
2024.01.09,45,66,36,79,56,56,36,80
2024.01.10,46,63,36,79,57,65,34,77
2024.01.11,46,62,36,79,46,73,34,71
2024.01.12,48,62,36,80,48,66,38,85
2024.01.13,48,62,35,80,59,62,33,84
2024.01.14,46,64,33,77,43,42,2,75
2024.01.15,43,64,33,77,30,31,2,81
2024.01.16,43,64,33,79,31,33,3,83
2024.01.17,43,64,33,80,25,45,20,73
2024.01.18,42,64,33,76,33,74,28,80
2024.01.19,42,63,35,76,31,49,15,78
2024.01.20,40,62,34,76,25,42,19,72
2024.01.21,39,62,34,76,30,41,22,70
2024.01.22,39,62,33,77,38,61,34,74
2024.01.23,39,62,34,78,40,64,37,79
2024.01.24,39,62,34,78,44,59,38,80
2024.01.25,40,62,37,78,54,63,42,79
2024.01.26,42,63,37,78,46,61,41,80
2024.01.27,41,63,36,79,47,62,41,81
2024.01.28,40,64,36,79,41,64,40,83
2024.01.29,40,64,36,79,41,70,42,67
2024.01.30,40,64,36,75,38,72,41,71
2024.01.31,41,65,37,74,39,72,43,73
2024.02.01,43,58,43,76,47,72,55,73
2024.02.02,44,62,44,76,44,68,42,76
2024.02.03,45,62,43,76,43,72,41,77
2024.02.04,45,65,44,76,46,67,44,75
2024.02.05,45,65,44,76,44,63,42,68
2024.02.06,45,67,44,77,41,68,46,70
2024.02.07,45,67,43,77,47,70,48,76
2024.02.08,45,67,43,78,51,72,59,76
2024.02.09,45,67,45,78,53,75,57,76
2024.02.10,46,65,45,79,60,68,43,77
2024.02.11,46,64,45,79,52,63,42,80
2024.02.12,48,64,46,80,48,60,45,84
2024.02.13,47,64,46,80,39,66,42,81
2024.02.14,47,65,44,78,35,68,46,79
2024.02.15,45,66,44,79,37,71,44,77
2024.02.16,46,66,44,80,40,73,32,81
2024.02.17,46,66,44,80,36,54,29,83
2024.02.18,46,66,44,76,39,53,46,74
2024.02.19,45,68,46,76,39,67,51,70
2024.02.20,45,68,50,76,38,77,57,69
2024.02.21,45,68,50,77,42,77,64,72
2024.02.22,45,68,48,77,44,85,58,75
2024.02.23,44,67,48,78,46,74,52,77
2024.02.24,44,67,47,78,43,78,35,76
2024.02.25,44,67,50,79,39,82,60,75
2024.02.26,46,68,50,79,53,84,69,76
2024.02.27,46,67,48,79,56,82,73,77
2024.02.28,44,67,48,79,62,71,53,80
2024.02.29,44,67,48,79,42,50,44,81
2024.03.01,47,72,49,80,45,70,45,79
2024.03.02,48,74,50,80,53,80,58,80
2024.03.03,49,75,52,80,66,81,71,83
2024.03.04,48,76,53,80,60,84,73,83
2024.03.05,49,76,53,80,47,89,54,83
2024.03.06,54,76,53,81,52,83,48,81
2024.03.07,54,75,52,81,54,76,50,83
2024.03.08,54,75,52,81,55,82,47,85
2024.03.09,54,75,54,82,46,63,46,86
2024.03.10,55,75,54,82,52,66,48,87
2024.03.11,55,74,54,82,51,75,65,79
2024.03.12,57,74,55,83,64,77,70,80
2024.03.13,56,74,55,83,60,89,67,82
2024.03.14,56,74,52,82,71,90,68,84
2024.03.15,54,74,52,82,70,80,51,83